"year","stratum_bin","pred_guild","mean_wtcpue_t_km2","mean_bottom_temp","mean_surface_temp"
1985,"NBS81","anemones",0.0253612224180772,-0.8,5.5
1985,"NBS81","bivalves",0.00201279543000612,-0.8,5.5
1985,"NBS81","brittle_stars",0.0912914549476111,-0.8,5.5
1985,"NBS81","bryozoan",0.00100639771500306,-0.8,5.5
1985,"NBS81","capelin",0.00203515982367286,-0.8,5.5
1985,"NBS81","corals",0.00304155753867592,-0.8,5.5
1985,"NBS81","eelpouts",0.152167334508463,-0.8,5.5
1985,"NBS81","hermits",0.0213132671643982,-0.8,5.5
1985,"NBS81","herring",0.0355146571427747,-0.8,5.5
1985,"NBS81","lg_sculpins",0.233327719125043,-0.8,5.5
1985,"NBS81","misc_fish_shallow",0.0476808872974784,-0.8,5.5
1985,"NBS81","misc_flats",0.270855171697824,-0.8,5.5
1985,"NBS81","np_shrimp",0.00203515982367286,-0.8,5.5
1985,"NBS81","opilio",0.517355518692574,-0.8,5.5
1985,"NBS81","pcod",0.284050163961198,-0.8,5.5
1985,"NBS81","pollock",18.1633988671943,-0.8,5.5
1985,"NBS81","sea_stars",0.202889779344617,-0.8,5.5
1985,"NBS81","shells",0.00201279543000612,-0.8,5.5
1985,"NBS81","snails",0.0719686188195523,-0.8,5.5
1985,"NBS81","yf_sole",0.0557991621985031,-0.8,5.5
1988,"NBS70","ak_plaice",1.12672352815374,5.268,9.596
1988,"NBS70","ak_skate",0.630503394200291,4.7,8.55
1988,"NBS70","anemones",0.0352302546453269,7.25,10.18
1988,"NBS70","bairdi",0.00464184201378239,-1,8.6
1988,"NBS70","bivalves",0.0800495484866173,5.74666666666667,9.50666666666667
1988,"NBS70","brittle_stars",0.0830108275976887,5.1,9.56363636363636
1988,"NBS70","bryozoan",0.0221794485131074,6.5875,9.2375
1988,"NBS70","capelin",0.0191336325343721,1.95555555555556,9.12222222222222
1988,"NBS70","corals",0.0618617376672776,4.65,9.5
1988,"NBS70","eelpouts",0.256285401422424,-0.0142857142857143,8.68571428571429
1988,"NBS70","gen_invert",0.0282084902539958,0.7,9.1
1988,"NBS70","greenlings",0.0064428767486035,9.87142857142857,10.8857142857143
1988,"NBS70","halibut",0.114479894947831,10.175,10.4625
1988,"NBS70","hermits",0.623318537149825,5.02916666666667,9.52916666666667
1988,"NBS70","herring",0.00572909830547611,9.63333333333333,11.3333333333333
1988,"NBS70","king_crabs",0.0247674096707562,5,8.2
1988,"NBS70","lg_sculpins",0.626794161712785,5.43913043478261,9.67391304347826
1988,"NBS70","misc_crabs",0.0372594529371298,5.13333333333333,9.63333333333333
1988,"NBS70","misc_crustaceans",0.255906407012228,5.2,9.16666666666667
1988,"NBS70","misc_fish_shallow",0.532909427158767,5.268,9.596
1988,"NBS70","misc_flats",0.153138271785529,5.095,9.825
1988,"NBS70","misc_worms",0.0102882419801232,0.0499999999999999,8.7
1988,"NBS70","np_shrimp",0.0299915918373649,5.11304347826087,9.54782608695652
1988,"NBS70","nr_sole",0.141661904916966,4.39285714285714,8.96428571428571
1988,"NBS70","octopus",0.00964037801408595,-1.3,8.3
1988,"NBS70","opilio",0.915250371571632,4.58636363636364,9.36818181818182
1988,"NBS70","oth_managed_forage",0.00548991339483836,8.47,10.62
1988,"NBS70","oth_pelagic_smelt",0.0363415166861669,9.45454545454546,10.4545454545455
1988,"NBS70","oth_sculpins",0.0219019551886493,5.40555555555556,9.71111111111111
1988,"NBS70","pcod",0.884142968958239,3.94375,9.06875
1988,"NBS70","pollock",1.30317525129102,4.83478260869565,9.52173913043478
1988,"NBS70","polychaetes",0.0181248814292032,2.8,8.53333333333333
1988,"NBS70","scyphozoid_jellies",0.0911895697819116,7.08,10.27
1988,"NBS70","sea_stars",1.1396535115212,5.268,9.596
1988,"NBS70","shells",0.448387542765712,4.49047619047619,9.31428571428571
1988,"NBS70","snails",0.650763140231246,5.02916666666667,9.52916666666667
1988,"NBS70","sponges",0.0221870243764223,6.43333333333333,9.7
1988,"NBS70","urchins_dollars_cucs",0.0130895103021453,5.89,10.08
1988,"NBS70","urochordata",0.968264684842193,5.02916666666667,9.52916666666667
1988,"NBS70","yf_sole",2.32022520533703,5.268,9.596
1988,"NBS70",NA,0.0653703555361923,-1.1,9
1988,"NBS81","ak_plaice",3.14572852157355,0.2,8.55
1988,"NBS81","anemones",0.0216430041848447,-1.3,8.22857142857143
1988,"NBS81","bivalves",0.0207614351683466,-0.15,8.4
1988,"NBS81","brittle_stars",0.384055400010304,-1.16666666666667,8.27777777777778
1988,"NBS81","bryozoan",0.0125181604944128,-0.666666666666667,8.3
1988,"NBS81","capelin",0.0299900417019613,-1.07,8.32
1988,"NBS81","corals",0.0510474430573859,-0.857142857142857,8.38571428571429
1988,"NBS81","eelpouts",0.452215737113424,-1.07,8.32
1988,"NBS81","gr_turbot",0.00704603579879699,-1.1,8.5
1988,"NBS81","hermits",0.332374621512274,-0.82,8.4
1988,"NBS81","herring",0.0318769527095158,-0.925,8.2
1988,"NBS81","lg_sculpins",0.389455982546303,-1.07,8.32
1988,"NBS81","misc_crabs",0.0285629624866834,-1.37142857142857,8.37142857142857
1988,"NBS81","misc_fish_shallow",1.15502954861782,-1.16666666666667,8.27777777777778
1988,"NBS81","misc_flats",0.230656844468427,-0.881818181818182,8.33636363636364
1988,"NBS81","misc_worms",0.0355070764999575,-1.475,8.25
1988,"NBS81","np_shrimp",0.0472202797274676,-1.03,8.36
1988,"NBS81","nr_sole",0.217696348342358,0,8.5
1988,"NBS81","octopus",0.0151116024178564,-1.6,8.7
1988,"NBS81","opilio",6.27147814676038,-0.881818181818182,8.33636363636364
1988,"NBS81","oth_managed_forage",0.00338354975822892,-1.1,8.54
1988,"NBS81","oth_sculpins",0.0391479187063591,-1.34,8.32
1988,"NBS81","pcod",0.344092896557147,-0.333333333333333,8.48333333333333
1988,"NBS81","pollock",0.593218506836597,-0.82,8.4
1988,"NBS81","polychaetes",0.0177586007251249,-1.6,8.6
1988,"NBS81","scyphozoid_jellies",0.0171604944934438,-0.8,8.73333333333333
1988,"NBS81","sea_stars",0.381792794765472,-0.881818181818182,8.33636363636364
1988,"NBS81","shells",0.250415079468242,-0.716666666666667,8.41666666666667
1988,"NBS81","snails",0.758946507128797,-0.881818181818182,8.33636363636364
1988,"NBS81","sponges",0.0236657113545735,-1.6,8.6
1988,"NBS81","urchins_dollars_cucs",0.00804881570305931,-0.75,8.35
1988,"NBS81","urochordata",0.169016515934636,-0.742857142857143,8.32857142857143
1988,"NBS81","yf_sole",2.30297088075701,-0.35,8.63333333333333
2010,"NBS70","ak_plaice",2.45559732814079,1.57368421052632,8.65087719298246
2010,"NBS70","ak_skate",0.869283284543187,1.81132075471698,8.61698113207547
2010,"NBS70","anemones",0.036219457020241,3.52380952380952,8.31428571428571
2010,"NBS70","benthic_amphipods",4.8904234603003e-05,1.5,11.2
2010,"NBS70","bivalves",0.0124896725865861,2.192,8.212
2010,"NBS70","brittle_stars",0.151999684730006,-0.0690476190476191,8.85238095238095
2010,"NBS70","bryozoan",0.0219680057243295,2.19642857142857,8.86428571428571
2010,"NBS70","capelin",0.0675759996055289,0.323809523809524,8.60952380952381
2010,"NBS70","corals",0.0566419521028122,0.952272727272727,8.80909090909091
2010,"NBS70","eelpouts",0.0473285215249873,-0.58,9.03333333333333
2010,"NBS70","gelatinous_filter_feeders",0.0019563135473947,1.88181818181818,7.75454545454545
2010,"NBS70","gr_turbot",0.000672078268799335,-0.9,9.15
2010,"NBS70","greenlings",0.00314021768663102,9.4,9.26666666666667
2010,"NBS70","halibut",0.576128379014245,4.236,8.42
2010,"NBS70","hermits",0.780546008650322,1.45357142857143,8.6625
2010,"NBS70","herring",0.101537717599654,3.34137931034483,8.50344827586207
2010,"NBS70","king_crabs",0.0413493861419991,3.08571428571429,9.14285714285714
2010,"NBS70","lg_sculpins",0.253275739198027,1.73214285714286,8.56428571428571
2010,"NBS70","misc_crabs",0.155705303267466,0.854,8.83
2010,"NBS70","misc_crustaceans",0.057548650180715,2.84285714285714,8.28571428571429
2010,"NBS70","misc_fish_shallow",0.886992849481967,1.63793103448276,8.59310344827586
2010,"NBS70","misc_flats",0.0874741500248404,1.59074074074074,8.71111111111111
2010,"NBS70","misc_worms",0.00739833543490564,-0.86,8.64
2010,"NBS70","np_shrimp",0.0168892012799606,1.65,8.43157894736842
2010,"NBS70","nr_sole",0.276470116510567,1.48918918918919,8.23243243243243
2010,"NBS70","octopus",0.0102347316756606,-0.1,7.1
2010,"NBS70","opilio",1.15964188002507,0.417777777777778,8.80888888888889
2010,"NBS70","oth_managed_forage",0.00184362921794254,3.075,8.985
2010,"NBS70","oth_pelagic_smelt",0.0864052267604655,8.15555555555556,9.77777777777778
2010,"NBS70","oth_sculpins",0.0152508806065736,2.51290322580645,8.63870967741935
2010,"NBS70","oth_skate",0.00209046188216006,-0.25,8.95
2010,"NBS70","pandalid",0.000975422123091361,0.788888888888889,9.03333333333333
2010,"NBS70","pcod",0.16548108004053,2.36969696969697,8.42121212121212
2010,"NBS70","pollock",0.152549141344397,1.88085106382979,8.48723404255319
2010,"NBS70","polychaetes",0.0014229123624587,1.75,8.39166666666667
2010,"NBS70","salmon_returning",0.0795695722820423,-1.1,8.75
2010,"NBS70","sandlance",0.000169835553965046,8.9,8.5
2010,"NBS70","scyphozoid_jellies",0.0799595062888252,0.478048780487805,8.74878048780488
2010,"NBS70","sea_stars",1.78425827464965,1.56491228070175,8.64035087719298
2010,"NBS70","shells",0.523114883698753,1.625,8.65714285714286
2010,"NBS70","snails",1.00493009853254,0.909803921568627,8.75686274509804
2010,"NBS70","sponges",0.307162783169534,5.4,7.75
2010,"NBS70","urchins_dollars_cucs",0.060992392854173,2.12,8.705
2010,"NBS70","urochordata",1.18148321342171,1.67884615384615,8.7
2010,"NBS70","yf_sole",4.71394850344651,1.66842105263158,8.61929824561403
2010,"NBS71","ak_plaice",0.504116225615334,3.80181818181818,10.1472727272727
2010,"NBS71","ak_skate",0.426775288546086,2.25,9.8
2010,"NBS71","anemones",0.115774981029397,4.10975609756098,10.7390243902439
2010,"NBS71","bivalves",0.0359940873925447,3.94,9.91428571428571
2010,"NBS71","brittle_stars",1.41689392732264,3.35,10.7769230769231
2010,"NBS71","bryozoan",0.0546278558015111,2.72173913043478,9.92608695652174
2010,"NBS71","capelin",0.0728916482117997,2.37391304347826,8.12608695652174
2010,"NBS71","corals",0.170813821101079,4.23714285714286,11.6628571428571
2010,"NBS71","eelpouts",0.0213962756141208,4.22413793103448,11.4655172413793
2010,"NBS71","gelatinous_filter_feeders",0.112720766017193,5.69411764705882,11.6294117647059
2010,"NBS71","greenlings",0.0024326139314805,7.65,12.5666666666667
2010,"NBS71","halibut",0.233311006527774,5.65,11.49
2010,"NBS71","hermits",0.818678749905095,3.67358490566038,10.0735849056604
2010,"NBS71","herring",0.439874735318751,4.78620689655172,10.2586206896552
2010,"NBS71","king_crabs",0.0676516433898922,3.91707317073171,10.4707317073171
2010,"NBS71","lg_sculpins",0.618278371620161,3.64444444444444,10.0574074074074
2010,"NBS71","misc_crabs",0.659130516898298,3.74716981132075,9.97169811320755
2010,"NBS71","misc_crustaceans",0.124011613930236,4.71666666666667,11.4625
2010,"NBS71","misc_fish_shallow",0.523674212589316,3.80181818181818,10.1472727272727
2010,"NBS71","misc_flats",0.208882181379882,3.90188679245283,10.1924528301887
2010,"NBS71","misc_worms",0.00100247267044685,0.6,9
2010,"NBS71","np_shrimp",0.0285724494993476,3.89615384615385,10.3653846153846
2010,"NBS71","nr_sole",0.185473532187912,2.21923076923077,9.30769230769231
2010,"NBS71","opilio",0.968557917384646,2.99111111111111,9.05777777777778
2010,"NBS71","oth_managed_forage",0.0160847777966623,4.33953488372093,10.9790697674419
2010,"NBS71","oth_pelagic_smelt",0.0288732606742905,7.73125,13.96875
2010,"NBS71","oth_sculpins",0.107880201056029,3.43529411764706,10.0450980392157
2010,"NBS71","pandalid",0.00125651554884534,2.86451612903226,9.71290322580645
2010,"NBS71","pcod",0.591802200004402,2.37083333333333,7.6625
2010,"NBS71","pollock",0.280771347435831,2.87307692307692,8.42307692307692
2010,"NBS71","polychaetes",0.0028650407365769,3.07368421052632,9.54210526315789
2010,"NBS71","salmon_returning",0.0536937031280866,8.1,12.2
2010,"NBS71","sandlance",0.00119521727923661,6.2,11.75
2010,"NBS71","scyphozoid_jellies",0.0383694736172032,4.53939393939394,10.5909090909091
2010,"NBS71","sea_stars",3.08332597131339,3.80181818181818,10.1472727272727
2010,"NBS71","shells",0.485553275238735,3.80181818181818,10.1472727272727
2010,"NBS71","snails",0.772882506304332,3.62884615384615,10.0115384615385
2010,"NBS71","sponges",1.04048285070817,3.2125,8.1375
2010,"NBS71","tubes",0.032563888829216,1.35,7.55
2010,"NBS71","urchins_dollars_cucs",0.740741622851408,3.64313725490196,10.1235294117647
2010,"NBS71","urochordata",3.40754810177903,3.80181818181818,10.1472727272727
2010,"NBS71","yf_sole",0.512312167590873,4.35681818181818,11.0772727272727
2010,"NBS81","ak_plaice",2.45939711197868,-0.880952380952381,9.33333333333333
2010,"NBS81","ak_skate",0.26127977765654,-1.084,9.252
2010,"NBS81","anemones",0.0828843655597445,-1.1,9.06666666666667
2010,"NBS81","bairdi",0.00407752600187362,0,9.3
2010,"NBS81","benthic_amphipods",0.000911569056716139,-0.8,9
2010,"NBS81","bivalves",0.0194828312950667,-0.8,9.42857142857143
2010,"NBS81","brittle_stars",0.237675254342129,-1.08846153846154,9.25769230769231
2010,"NBS81","bryozoan",0.00767188983787886,-0.93,9.02
2010,"NBS81","capelin",0.223810107657458,-1.05555555555556,9.24074074074074
2010,"NBS81","corals",0.0201056256209408,-1.21333333333333,9.21333333333333
2010,"NBS81","eelpouts",0.246524664777304,-1.10384615384615,9.25384615384615
2010,"NBS81","gelatinous_filter_feeders",0.000890997263401078,-0.225,9.75
2010,"NBS81","gr_turbot",0.00556427696602757,-1.19375,9.10625
2010,"NBS81","halibut",0.0296851808712643,-0.2,9.44
2010,"NBS81","hermits",0.250813570433078,-1.01111111111111,9.25555555555556
2010,"NBS81","herring",0.014947085595887,-0.814285714285714,9.35714285714286
2010,"NBS81","hybrid_chion",0.0218570116996342,-0.9,8.6
2010,"NBS81","king_crabs",0.0103879327069572,-0.9,8.8
2010,"NBS81","lg_sculpins",0.0299050337121188,-1.148,9.06
2010,"NBS81","misc_crabs",0.0147113039416339,-0.9375,9.28333333333333
2010,"NBS81","misc_fish_shallow",0.517923809759754,-1.01785714285714,9.24285714285714
2010,"NBS81","misc_flats",0.22686783824596,-1.01785714285714,9.24285714285714
2010,"NBS81","misc_worms",0.0097508192174365,-1.55,8.9
2010,"NBS81","np_shrimp",0.0180543773388572,-1.14545454545455,9.07272727272727
2010,"NBS81","nr_sole",0.0159509526185726,-1.31428571428571,9.18571428571429
2010,"NBS81","octopus",0.0211532116404894,-1.48333333333333,8.98333333333333
2010,"NBS81","opilio",4.8008037310769,-1.01785714285714,9.24285714285714
2010,"NBS81","oth_managed_forage",0.00391231019093446,-1.38333333333333,9.09166666666667
2010,"NBS81","oth_sculpins",0.00241688886732111,-1.1,8.925
2010,"NBS81","pandalid",0.00566648174344802,-1.06,9.20666666666667
2010,"NBS81","pcod",0.0827955652417984,-0.916666666666667,9.15
2010,"NBS81","pollock",0.0255268817937604,-1.01875,9.275
2010,"NBS81","polychaetes",0.00271571361840505,-1.15,9.05
2010,"NBS81","salmon_returning",0.0836535063635036,-1.36666666666667,9.13333333333333
2010,"NBS81","scyphozoid_jellies",0.174436069264481,-1.09259259259259,9.17037037037037
2010,"NBS81","sea_stars",0.364065174773395,-1.01785714285714,9.24285714285714
2010,"NBS81","shells",0.105587611193015,-0.92,9.33
2010,"NBS81","snails",0.658794892237053,-1.01111111111111,9.25555555555556
2010,"NBS81","urchins_dollars_cucs",0.0013788401337267,-1,9.2
2010,"NBS81","urochordata",0.448071669903071,-0.791666666666667,9.41666666666667
2010,"NBS81","yf_sole",0.981472746354052,-0.855,9.365
2010,"NBS81",NA,0.451602465914684,-1.2,8.9
2017,"NBS70","ak_plaice",3.04234046655805,5.08275862068966,9.49655172413793
2017,"NBS70","ak_skate",1.23902893955786,3.775,9.195
2017,"NBS70","anemones",0.0198754150566903,6.99545454545455,10.1863636363636
2017,"NBS70","benthic_amphipods",0.000201798291844726,-0.3,8.5
2017,"NBS70","bivalves",0.0326395658324051,4.6425,8.98
2017,"NBS70","brittle_stars",0.0904954532361815,3.6425,9.1975
2017,"NBS70","bryozoan",0.00506179614629453,7.02222222222222,10.2166666666667
2017,"NBS70","capelin",0.00175540635309963,1.48823529411765,9.21176470588235
2017,"NBS70","corals",0.0368496326452923,4.01590909090909,9.24090909090909
2017,"NBS70","eelpouts",0.0115350735760376,2.44,8.86
2017,"NBS70","eulachon",0.00995208184878083,8.45,9.15
2017,"NBS70","fh_sole",0.0288113162943281,0.45,10.75
2017,"NBS70","fish_larvae",0.000734537112612051,3.9,5.6
2017,"NBS70","gelatinous_filter_feeders",0.00311540383502981,8.2,8.8
2017,"NBS70","greenlings",0.00509749781172578,10.98,11.29
2017,"NBS70","halibut",0.313612826946699,8.43703703703704,10.3777777777778
2017,"NBS70","hermits",0.679199644761196,5.08275862068966,9.49655172413793
2017,"NBS70","herring",0.516182068984449,6.06666666666667,10.3969696969697
2017,"NBS70","hybrid_chion",0.00110567473439624,8.13333333333333,9.36666666666667
2017,"NBS70","kamchatka",0.0690829730629612,1.5,10.8
2017,"NBS70","king_crabs",0.0519863149410267,4.27,8.57
2017,"NBS70","lg_sculpins",0.242804729407437,5.18771929824561,9.52105263157895
2017,"NBS70","misc_crabs",0.0955968214237808,4.89615384615385,9.45961538461538
2017,"NBS70","misc_crustaceans",0.0596386304448695,3.36428571428571,8.37857142857143
2017,"NBS70","misc_fish_shallow",0.372489331700592,5.1280701754386,9.53684210526316
2017,"NBS70","misc_flats",0.138258186626782,4.96981132075472,9.52075471698113
2017,"NBS70","misc_worms",0.00257622053006777,6.5,9.1
2017,"NBS70","np_shrimp",0.00769015318357963,7.38709677419355,9.87096774193548
2017,"NBS70","nr_sole",0.641978319416646,5.56792452830189,9.56792452830189
2017,"NBS70","octopus",0.00123321178349555,-0.3,8.5
2017,"NBS70","opilio",1.39939212835254,3.79189189189189,9.14864864864865
2017,"NBS70","oth_managed_forage",0.0022996297466605,9.6,11.23
2017,"NBS70","oth_pelagic_smelt",0.0652690690160297,9.4304347826087,10.4739130434783
2017,"NBS70","oth_sculpins",0.00799250426889594,6.43333333333333,9.2962962962963
2017,"NBS70","pandalid",0.000313931922383235,10.2833333333333,10.7833333333333
2017,"NBS70","pcod",1.93904606724986,4.086,9.168
2017,"NBS70","pollock",5.7779450273895,5.08275862068966,9.49655172413793
2017,"NBS70","polychaetes",0.00218654747945968,4.65555555555556,8.42222222222222
2017,"NBS70","salmon_returning",0.0622162602123736,4.1,10
2017,"NBS70","sandlance",0.000343271422425235,0.5,2.1
2017,"NBS70","scyphozoid_jellies",0.389584325739343,4.99285714285714,9.45178571428571
2017,"NBS70","sea_stars",1.44916963582519,5.08275862068966,9.49655172413793
2017,"NBS70","shells",0.215519312281085,5.1280701754386,9.53684210526316
2017,"NBS70","snails",1.17699288657063,4.09,9.166
2017,"NBS70","sponges",0.0698936361448288,7.82307692307692,9.66923076923077
2017,"NBS70","tubes",0.000115035477401372,6.8,9.6
2017,"NBS70","urchins_dollars_cucs",0.0377003331645129,3.66666666666667,7.95555555555556
2017,"NBS70","urochordata",0.253307882485967,4.83148148148148,9.44074074074074
2017,"NBS70","yf_sole",4.28258240280556,5.08275862068966,9.49655172413793
2017,"NBS71","ak_plaice",0.906451821290226,6.668,9.772
2017,"NBS71","ak_skate",0.441155825112388,5.84375,9.26875
2017,"NBS71","anemones",0.337793168279135,6.625,9.53
2017,"NBS71","bairdi",0.00119548836082096,7.7,8
2017,"NBS71","benthic_amphipods",4.44474224217467e-05,4.7,7.9
2017,"NBS71","bivalves",0.0772720579519612,7.025,9.70357142857143
2017,"NBS71","brittle_stars",0.663023179302352,5.45,8.921875
2017,"NBS71","bryozoan",0.277654545135309,4.58421052631579,7.85789473684211
2017,"NBS71","capelin",0.00544043174824464,5.22142857142857,7.14285714285714
2017,"NBS71","corals",0.116330911266096,6.94411764705882,10.1647058823529
2017,"NBS71","eelpouts",0.148751547281989,6.7030303030303,9.63333333333333
2017,"NBS71","fish_larvae",0.00476929480781985,2.8,6.6
2017,"NBS71","gelatinous_filter_feeders",0.00310826973813449,7.7,8
2017,"NBS71","greenlings",0.0180605130622459,11.1090909090909,12.8636363636364
2017,"NBS71","halibut",0.405512438413634,6.54166666666667,9.90833333333333
2017,"NBS71","hermits",1.2163572128887,6.42075471698113,9.48679245283019
2017,"NBS71","herring",0.063416972477955,7.25555555555556,10.0027777777778
2017,"NBS71","king_crabs",0.14391734047914,5.63888888888889,9.18055555555556
2017,"NBS71","lg_sculpins",1.63711634321103,6.53035714285714,9.55
2017,"NBS71","misc_crabs",0.386403322915409,6.5468085106383,9.46382978723404
2017,"NBS71","misc_crustaceans",0.294243723692505,6.92777777777778,9.53888888888889
2017,"NBS71","misc_fish_shallow",0.680434231614102,6.62,9.54181818181818
2017,"NBS71","misc_flats",0.393919448474056,6.7037037037037,9.56851851851852
2017,"NBS71","misc_worms",0.0445199865569725,7.7,8
2017,"NBS71","np_shrimp",0.0516372415497306,7.16578947368421,10.0236842105263
2017,"NBS71","nr_sole",0.180969379234189,5.14838709677419,8.45161290322581
2017,"NBS71","opilio",0.626907488988496,5.38181818181818,8.53863636363636
2017,"NBS71","oth_managed_forage",0.0556363640447549,7.27297297297297,10.0135135135135
2017,"NBS71","oth_pelagic_smelt",0.0842557082500086,8.7,12.064
2017,"NBS71","oth_sculpins",0.0828440017407762,6.39622641509434,9.45660377358491
2017,"NBS71","pandalid",0.0251824441926644,7.725,10.085
2017,"NBS71","pcod",2.53173772219125,4.95853658536585,8.20243902439024
2017,"NBS71","pollock",9.68997676252066,5.996,8.986
2017,"NBS71","polychaetes",0.00231088045210293,6.725,8.925
2017,"NBS71","salmon_returning",0.0736056465855239,6.625,9.25
2017,"NBS71","sandlance",0.00106384393050528,4.4,7.76666666666667
2017,"NBS71","scyphozoid_jellies",0.462385585168078,6.64468085106383,9.35531914893617
2017,"NBS71","sea_stars",3.87046292670931,6.52321428571429,9.53035714285714
2017,"NBS71","shells",0.665629260606781,6.35094339622642,9.43962264150943
2017,"NBS71","snails",2.06897778834719,6.29130434782609,9.25434782608696
2017,"NBS71","sponges",1.56560445595048,5.31,9.22
2017,"NBS71","tubes",0.00993263297327765,5.25,6.45
2017,"NBS71","urchins_dollars_cucs",2.90684944888659,6.78571428571429,9.90238095238095
2017,"NBS71","urochordata",1.24340343246883,5.88409090909091,8.88409090909091
2017,"NBS71","yf_sole",0.724009622078305,6.79811320754717,9.71320754716981
2017,"NBS81","ak_plaice",0.793213676709392,-1.08260869565217,10.2521739130435
2017,"NBS81","ak_skate",0.21148598593127,-1.13684210526316,10.3947368421053
2017,"NBS81","anemones",0.0387715386284088,-1.225,9.91
2017,"NBS81","bairdi",0.00434456074028998,-1,8.3
2017,"NBS81","benthic_amphipods",0.000317273511662306,-1.5,10.35
2017,"NBS81","bivalves",0.004540144619161,-1.11,9.93
2017,"NBS81","brittle_stars",0.164252762896554,-1.25185185185185,10.1592592592593
2017,"NBS81","bryozoan",0.000365776545082198,-1.2,11.2
2017,"NBS81","capelin",0.00126148872942553,-1.27058823529412,10.0235294117647
2017,"NBS81","corals",0.0347705039348165,-1.23571428571429,10.1285714285714
2017,"NBS81","eelpouts",0.0851842001443844,-1.24347826086957,10.1739130434783
2017,"NBS81","gr_turbot",0.0143405024802507,-1.1,10.3
2017,"NBS81","hermits",0.467415780149957,-1.13076923076923,10.1038461538462
2017,"NBS81","herring",0.359971894092175,-1.07058823529412,10.1235294117647
2017,"NBS81","king_crabs",0.0219953974522042,-1.25,8.9
2017,"NBS81","lg_sculpins",0.0468171013293122,-1.15357142857143,10.0928571428571
2017,"NBS81","misc_crabs",0.0389718128038488,-1.06818181818182,10.1954545454545
2017,"NBS81","misc_crustaceans",6.30861292842973e-05,-1.4,11.5
2017,"NBS81","misc_fish_shallow",0.123983167672007,-1.15357142857143,10.0928571428571
2017,"NBS81","misc_flats",0.502935934769318,-1.15357142857143,10.0928571428571
2017,"NBS81","misc_worms",0.00602855570899346,-1.46666666666667,10.1
2017,"NBS81","np_shrimp",0.0122704949911422,-1.35,9.75
2017,"NBS81","nr_sole",0.0417795013895697,-1.03529411764706,10.4882352941176
2017,"NBS81","octopus",0.00503544848239886,-1.4625,9.675
2017,"NBS81","opilio",3.02112811648647,-1.15357142857143,10.0928571428571
2017,"NBS81","oth_managed_forage",0.000321780087355363,-1.275,10.775
2017,"NBS81","oth_sculpins",0.00179817842366638,-1.18,9.3
2017,"NBS81","oth_skate",0.00313575348461886,-0.95,10.55
2017,"NBS81","pandalid",0.000608339097324055,-1.34285714285714,10.6571428571429
2017,"NBS81","pcod",0.235281129697981,-1.05,10.1045454545455
2017,"NBS81","pollock",4.44606111106236,-1.15357142857143,10.0928571428571
2017,"NBS81","polychaetes",0.00206388741206206,-1.1,9.96153846153846
2017,"NBS81","salmon_returning",0.0646886154686584,-1,10.3
2017,"NBS81","scyphozoid_jellies",0.143238029762606,-1.15357142857143,10.0928571428571
2017,"NBS81","sea_stars",0.275725374546477,-1.15357142857143,10.0928571428571
2017,"NBS81","shells",0.150031647573546,-1.144,10.224
2017,"NBS81","snails",0.977321796913409,-1.15357142857143,10.0928571428571
2017,"NBS81","sponges",0.00222100055425836,-1.46666666666667,11.1333333333333
2017,"NBS81","tubes",0.00124640575421523,-0.85,10.55
2017,"NBS81","urchins_dollars_cucs",0.0314471616371357,-1.32,9.86
2017,"NBS81","urochordata",0.308283675427876,-0.871428571428571,10
2017,"NBS81","yf_sole",1.45831956650295,-1.05,10.285
2019,"NBS70","ak_plaice",2.45552225524707,6.40172413793103,11.0862068965517
2019,"NBS70","ak_skate",1.10590187581755,4.05384615384615,10.5282051282051
2019,"NBS70","anemones",0.00635084725451276,7.97368421052632,11.3421052631579
2019,"NBS70","arrowtooth",0.0887459465645342,4.78,11.6
2019,"NBS70","atka",0.0139925265041408,2.1,7
2019,"NBS70","benthic_amphipods",0.000676523601445485,4.4,9.9
2019,"NBS70","bivalves",0.0187582743516803,7.57142857142857,11.48
2019,"NBS70","brittle_stars",0.0787761299451998,5.52647058823529,10.6941176470588
2019,"NBS70","bryozoan",0.00393771112047426,6.04,10.66
2019,"NBS70","capelin",0.00196515738701552,3.17,10.77
2019,"NBS70","corals",0.0223041121695924,4.31304347826087,10.7739130434783
2019,"NBS70","eelpouts",0.00976473219653394,2.5,11.3
2019,"NBS70","fh_sole",0.0191617416711857,3.46,11.22
2019,"NBS70","gelatinous_filter_feeders",0.11256714835888,5.44166666666667,11.0791666666667
2019,"NBS70","greenlings",0.0133512423489654,11.2681818181818,12.0090909090909
2019,"NBS70","halibut",0.535040180732733,8.6962962962963,11.4444444444444
2019,"NBS70","hermits",0.929433131160543,6.35714285714286,11.0946428571429
2019,"NBS70","herring",0.477683385567453,7.86363636363636,11.4159090909091
2019,"NBS70","king_crabs",0.0433081881928927,5.175,10.5
2019,"NBS70","lg_sculpins",0.251617657307457,6.40172413793103,11.0862068965517
2019,"NBS70","misc_crabs",0.0563025483178264,5.81020408163265,10.9387755102041
2019,"NBS70","misc_crustaceans",0.196730125245781,4.38333333333333,9.66666666666667
2019,"NBS70","misc_fish_shallow",0.181749065045137,6.7,11.1763636363636
2019,"NBS70","misc_flats",0.118993488003713,6.44166666666667,11.1895833333333
2019,"NBS70","misc_worms",0.0188851722298555,1.4,8.95
2019,"NBS70","np_shrimp",0.00272083895216075,8.60952380952381,11.2380952380952
2019,"NBS70","nr_sole",0.653625889292944,6.32456140350877,11.0719298245614
2019,"NBS70","opilio",0.283283099642559,3.546875,10.49375
2019,"NBS70","oth_managed_forage",0.00411127853774351,10.5461538461538,12.3461538461538
2019,"NBS70","oth_pelagic_smelt",0.0577117661534518,10.1129032258065,11.6774193548387
2019,"NBS70","oth_sculpins",0.000973557147047253,11.95,12.525
2019,"NBS70","pcod",1.70369916779011,4.83913043478261,10.6369565217391
2019,"NBS70","pollock",4.69120635821442,6.40172413793103,11.0862068965517
2019,"NBS70","polychaetes",0.00174064310257507,5.825,10.675
2019,"NBS70","salmon_returning",0.0561631452544856,3.1,11.3
2019,"NBS70","scyphozoid_jellies",0.521910493656119,6.55272727272727,11.2309090909091
2019,"NBS70","sea_stars",2.47047679339733,6.40172413793103,11.0862068965517
2019,"NBS70","shells",0.291745153938617,6.40172413793103,11.0862068965517
2019,"NBS70","snails",1.23275110030719,5.23673469387755,10.7163265306122
2019,"NBS70","sponges",0.0470331729874352,7.82857142857143,11.2857142857143
2019,"NBS70","tubes",0.0020764299323339,4.53333333333333,10.0333333333333
2019,"NBS70","urchins_dollars_cucs",0.0286799139182617,2.96,10.3
2019,"NBS70","urochordata",0.0673235157647251,5.72553191489362,10.8808510638298
2019,"NBS70","yf_sole",4.677250150849,6.40172413793103,11.0862068965517
2019,"NBS71","ak_plaice",0.763438717942842,7.63928571428571,10.7142857142857
2019,"NBS71","ak_skate",1.11932273513302,4.10714285714286,8.86428571428571
2019,"NBS71","anemones",0.163446480908952,8.33953488372093,10.9790697674419
2019,"NBS71","benthic_amphipods",0.000116688058699508,6.3,10.4
2019,"NBS71","bivalves",0.101750801177502,7.9925,10.825
2019,"NBS71","brittle_stars",0.692059091400714,6.75806451612903,10.3741935483871
2019,"NBS71","bryozoan",3.31081472949931,4.42,9.39
2019,"NBS71","capelin",0.00196845936220936,4.21666666666667,9.31666666666667
2019,"NBS71","corals",0.0498389826660763,9.27931034482759,11.5689655172414
2019,"NBS71","eelpouts",0.0254417690043544,9.35185185185185,11.9037037037037
2019,"NBS71","fish_larvae",0.00694114428046918,12,13.45
2019,"NBS71","gelatinous_filter_feeders",0.0692763172174319,4.08823529411765,9.38823529411765
2019,"NBS71","greenlings",0.0479766892095722,12.1875,13.26875
2019,"NBS71","halibut",0.441138260450014,8.92222222222222,10.8333333333333
2019,"NBS71","hermits",0.746311011196564,7.28392857142857,10.5732142857143
2019,"NBS71","herring",0.173759756816042,8.38928571428571,10.7142857142857
2019,"NBS71","king_crabs",0.0860295482215401,7.053125,10.35625
2019,"NBS71","lg_sculpins",0.433776680050047,7.4719298245614,10.680701754386
2019,"NBS71","misc_crabs",0.306550561339911,7.32181818181818,10.6145454545455
2019,"NBS71","misc_crustaceans",0.0967541534946007,8.32,11.09
2019,"NBS71","misc_fish_shallow",0.903615318522852,7.74181818181818,10.6836363636364
2019,"NBS71","misc_flats",0.368776176693009,7.69818181818182,10.68
2019,"NBS71","misc_worms",0.0127993653505912,9.625,10.975
2019,"NBS71","np_shrimp",0.0338041982832219,8.39333333333333,11.2955555555556
2019,"NBS71","nr_sole",0.162561445278472,5.20540540540541,9.3
2019,"NBS71","opilio",0.271212211262424,5.01282051282051,9.27692307692308
2019,"NBS71","oth_managed_forage",0.0315040800646589,8.63409090909091,11.2727272727273
2019,"NBS71","oth_pelagic_smelt",0.0518440646465648,10.6333333333333,12.1515151515152
2019,"NBS71","oth_sculpins",0.0159660640715057,8.50243902439024,11.3317073170732
2019,"NBS71","pandalid",0.00653205645382222,7.70434782608696,10.5565217391304
2019,"NBS71","pcod",3.47704955320641,4.9725,9.22
2019,"NBS71","pollock",4.87311051080987,6.02826086956522,9.80652173913044
2019,"NBS71","polychaetes",0.00414875136794175,5.47647058823529,9.32352941176471
2019,"NBS71","salmon_returning",0.0438151589644813,5.65,10.2
2019,"NBS71","sandlance",0.00544504330754088,3.8,10.6
2019,"NBS71","scyphozoid_jellies",0.629311500958783,8.75121951219512,11.1634146341463
2019,"NBS71","sea_stars",3.6186163707294,7.46724137931034,10.6724137931034
2019,"NBS71","shells",0.43856691011513,7.44107142857143,10.6
2019,"NBS71","snails",1.09973133662763,7.10925925925926,10.4944444444444
2019,"NBS71","sponges",0.104795130316992,6.51,10.31
2019,"NBS71","urchins_dollars_cucs",1.4943563099653,7.49148936170213,10.7
2019,"NBS71","urochordata",0.442592408623331,5.6,9.53611111111111
2019,"NBS71","yf_sole",0.835648388421159,7.72727272727273,10.8381818181818
2019,"NBS81","ak_plaice",2.03986364802943,0.883333333333333,10.6875
2019,"NBS81","ak_skate",0.415885240839408,0.816,10.696
2019,"NBS81","anemones",0.0152455954698435,0.2375,10.45625
2019,"NBS81","arrowtooth",0.203705778224662,2.63333333333333,11.3
2019,"NBS81","bivalves",0.00329563603589569,0.607142857142857,10.6714285714286
2019,"NBS81","brittle_stars",0.211700915097,0.519047619047619,10.6428571428571
2019,"NBS81","capelin",0.000782284837548818,0.466666666666667,10.5
2019,"NBS81","corals",0.00864825865483018,0.490909090909091,10.6090909090909
2019,"NBS81","eelpouts",0.0270779846327913,0.731578947368421,10.6473684210526
2019,"NBS81","fh_sole",0.0242463482007962,1.18,10.78
2019,"NBS81","gelatinous_filter_feeders",0.111957895582284,0.18,10.54
2019,"NBS81","gr_turbot",0.0515414504863546,0.816666666666667,10.6666666666667
2019,"NBS81","halibut",0.0764395932314164,1.525,10.6
2019,"NBS81","hermits",0.317655329734749,0.918181818181818,10.7
2019,"NBS81","herring",1.73824514616752,0.868181818181818,10.7
2019,"NBS81","kamchatka",0.0446726357546119,3.1,11.5
2019,"NBS81","lg_sculpins",0.170656523628105,0.913636363636364,10.6772727272727
2019,"NBS81","misc_crabs",0.0189865949504123,0.9,10.77
2019,"NBS81","misc_fish_shallow",0.0241596922380935,0.771428571428571,10.6904761904762
2019,"NBS81","misc_flats",0.376429471737969,0.703703703703704,10.6444444444444
2019,"NBS81","np_shrimp",0.00109043889627616,-0.00909090909090908,10.4818181818182
2019,"NBS81","nr_sole",1.07350979424998,0.77037037037037,10.6518518518519
2019,"NBS81","opilio",3.44582205445634,0.742857142857143,10.6607142857143
2019,"NBS81","oth_sculpins",0.00304436492112253,0.3,9.8
2019,"NBS81","pandalid",8.04511496805335e-05,-0.225,10.4
2019,"NBS81","pcod",1.64428085691677,0.742857142857143,10.6607142857143
2019,"NBS81","pollock",12.5486884570895,0.742857142857143,10.6607142857143
2019,"NBS81","polychaetes",0.000379989794582399,-0.12,10.44
2019,"NBS81","salmon_returning",0.13347063172307,1.85,11.2
2019,"NBS81","scyphozoid_jellies",0.205892527935402,0.658333333333333,10.6291666666667
2019,"NBS81","sea_stars",0.25084115379236,0.777777777777778,10.6444444444444
2019,"NBS81","shells",0.220750526153105,0.922727272727273,10.7045454545455
2019,"NBS81","snails",0.740876019626718,0.742857142857143,10.6607142857143
2019,"NBS81","urchins_dollars_cucs",0.000601204633724594,-0.6,10.1
2019,"NBS81","urochordata",0.0375123377246712,1.28333333333333,10.875
2019,"NBS81","yf_sole",2.21435192143782,0.742857142857143,10.6607142857143
2021,"NBS70","ak_plaice",3.24187564046005,4.66551724137931,8.67931034482759
2021,"NBS70","ak_skate",1.03092872372202,3.86046511627907,8.56046511627907
2021,"NBS70","anemones",0.0154601970846222,7.98888888888889,9.16111111111111
2021,"NBS70","arrowtooth",0.0825510961551078,5.35,9.05
2021,"NBS70","bairdi",0.00333917471499332,1.16666666666667,8.43333333333333
2021,"NBS70","benthic_amphipods",0.000267680479512169,-0.825,6.9
2021,"NBS70","bivalves",0.0184174496009281,2.75333333333333,8.26
2021,"NBS70","brittle_stars",0.0703163339790215,3.1225,8.19
2021,"NBS70","bryozoan",0.0223711989825437,5.57333333333333,8.70666666666667
2021,"NBS70","capelin",0.00142008401648643,3.55263157894737,7.87368421052632
2021,"NBS70","corals",0.0231687102646336,3.63103448275862,8.44827586206897
2021,"NBS70","eulachon",0.00036191794433503,7.6,8.6
2021,"NBS70","gelatinous_filter_feeders",0.0250541240744675,7.26666666666667,9.6
2021,"NBS70","greenlings",0.00850645736588552,10.0666666666667,10.3111111111111
2021,"NBS70","halibut",0.298373419220661,5.84090909090909,8.97045454545455
2021,"NBS70","hermits",0.61929669355697,4.68392857142857,8.67678571428571
2021,"NBS70","herring",0.741403832839708,6.135,8.7525
2021,"NBS70","hybrid_chion",0.00148608652493006,-0.0333333333333333,6.26666666666667
2021,"NBS70","king_crabs",0.032678799786285,3.44,8.38
2021,"NBS70","lg_sculpins",0.172206988937744,5.32115384615385,8.72884615384615
2021,"NBS70","misc_crabs",0.07505916382742,4.33404255319149,8.56595744680851
2021,"NBS70","misc_crustaceans",0.0504122272316546,-1.4,7.7
2021,"NBS70","misc_fish_shallow",0.0237980057725621,4.75454545454545,8.68727272727273
2021,"NBS70","misc_flats",0.131362877804565,4.53333333333333,8.67407407407407
2021,"NBS70","misc_worms",0.00178645218268959,-1.075,7.925
2021,"NBS70","np_shrimp",0.0052442879653477,5.58421052631579,8.82894736842105
2021,"NBS70","nr_sole",0.605048064281939,4.13207547169811,8.49433962264151
2021,"NBS70","opilio",0.336136805627742,1.60588235294118,8.02647058823529
2021,"NBS70","oth_managed_forage",0.00101372449410917,9.4,9.87142857142857
2021,"NBS70","oth_pelagic_smelt",0.053972908851086,9.72941176470588,9.94705882352941
2021,"NBS70","oth_sculpins",0.00230638751024035,8.61578947368421,9.77368421052632
2021,"NBS70","pandalid",0.000681494404146029,4.95,8.35
2021,"NBS70","pcod",1.46125273732662,3.76041666666667,8.38333333333333
2021,"NBS70","pollock",1.94045040478159,4.66551724137931,8.67931034482759
2021,"NBS70","polychaetes",0.000764179800091367,3.84,8.57
2021,"NBS70","salmon_returning",0.0386402879972001,8.5,8.5
2021,"NBS70","scyphozoid_jellies",0.126832012914152,3.36590909090909,8.34090909090909
2021,"NBS70","sea_stars",1.81949024794038,4.66551724137931,8.67931034482759
2021,"NBS70","shells",0.332497739147683,4.56315789473684,8.64210526315789
2021,"NBS70","snails",0.917972220728655,4.02884615384615,8.49230769230769
2021,"NBS70","sponges",0.0171582095446326,8.69,9.75
2021,"NBS70","tubes",0.160904712567145,8.61818181818182,9.55454545454545
2021,"NBS70","urchins_dollars_cucs",0.0639214948638903,1.175,8.2375
2021,"NBS70","urochordata",0.12109793068481,4.86,8.684
2021,"NBS70","yf_sole",4.63980320757659,4.66551724137931,8.67931034482759
2021,"NBS71","ak_plaice",0.635489243414919,5.48947368421053,8.29824561403509
2021,"NBS71","ak_skate",0.489294841104231,3.96363636363636,6.1
2021,"NBS71","anemones",0.140236869745954,6.31282051282051,9.2
2021,"NBS71","bairdi",0.00267587241414797,2.5,7.5
2021,"NBS71","bivalves",0.0500726725472344,4.95,8.45357142857143
2021,"NBS71","brittle_stars",0.506700805945686,4.90606060606061,7.9
2021,"NBS71","bryozoan",2.3636625043223,3.69444444444444,7.42777777777778
2021,"NBS71","capelin",0.00128090280665128,3.72666666666667,6.66666666666667
2021,"NBS71","corals",0.115899845325659,6.66896551724138,9.53448275862069
2021,"NBS71","eelpouts",0.0201450210456268,6.49090909090909,11.1
2021,"NBS71","gelatinous_filter_feeders",0.0144245339921241,8.92,11.98
2021,"NBS71","gen_hexagrammidae",8.27192258009868e-05,9.3,9.3
2021,"NBS71","greenlings",0.00350070080307642,8.28,10.2
2021,"NBS71","halibut",0.27897589397899,6.82941176470588,7.68823529411765
2021,"NBS71","hermits",0.645497523569911,5.21964285714286,8.21428571428571
2021,"NBS71","herring",0.300957446504736,5.64545454545455,8.01515151515152
2021,"NBS71","hybrid_chion",0.00184179870061102,6.7,6.8
2021,"NBS71","king_crabs",0.0857718184041621,5.88108108108108,9.03243243243243
2021,"NBS71","lg_sculpins",0.206426091988922,5.39642857142857,8.09464285714286
2021,"NBS71","misc_crabs",0.657738207255521,5,8.11320754716981
2021,"NBS71","misc_crustaceans",0.0591064807938166,8.7625,11.65
2021,"NBS71","misc_fish_shallow",0.134397577146686,5.99019607843137,8.65098039215686
2021,"NBS71","misc_flats",0.453624190740763,5.83584905660377,8.33584905660377
2021,"NBS71","np_shrimp",0.0686119641898644,6.62926829268293,9.45365853658537
2021,"NBS71","nr_sole",0.283097034329423,4.18064516129032,7.03548387096774
2021,"NBS71","opilio",0.419702701693421,3.76,6.5575
2021,"NBS71","oth_managed_forage",0.0130063916006002,6.77073170731707,9.23414634146341
2021,"NBS71","oth_pelagic_smelt",0.0184173441713328,9.23333333333333,11.3416666666667
2021,"NBS71","oth_sculpins",0.0121761161468864,5.93333333333333,8.72564102564102
2021,"NBS71","pandalid",0.00579883242284276,6.69444444444444,9.21666666666667
2021,"NBS71","pcod",0.984948545258443,3.88717948717949,6.64358974358974
2021,"NBS71","pollock",2.60104900274316,4.79387755102041,7.49591836734694
2021,"NBS71","polychaetes",0.00246652825359515,7.78333333333333,10.5333333333333
2021,"NBS71","salmon_returning",0.0170415782639955,4.5,10.325
2021,"NBS71","sandlance",0.00476492485402103,4.6,8.65
2021,"NBS71","scyphozoid_jellies",0.0917763960613375,4.99347826086957,7.96086956521739
2021,"NBS71","sea_stars",2.42362344534272,5.47894736842105,8.3
2021,"NBS71","shells",0.562289941906509,5.2,8.19285714285714
2021,"NBS71","snails",1.00600841385085,4.66041666666667,7.88541666666667
2021,"NBS71","sponges",0.0690912938665946,7.0375,10.6375
2021,"NBS71","urchins_dollars_cucs",0.93769013341587,5.11818181818182,8.40681818181818
2021,"NBS71","urochordata",1.08674432894167,4.68780487804878,7.26341463414634
2021,"NBS71","yf_sole",1.23725753559472,5.58214285714286,8.43035714285714
2021,"NBS81","ak_plaice",1.07713073553776,-0.064,8.54
2021,"NBS81","ak_skate",0.443522357016978,0.16,8.655
2021,"NBS81","anemones",0.0297278048088726,-1.0875,8.25
2021,"NBS81","arrowtooth",0.188187700786099,2.44,9.08
2021,"NBS81","bairdi",0.00427620534674268,0.45,8
2021,"NBS81","benthic_amphipods",0.000311220155737678,-1.2,8.5
2021,"NBS81","bivalves",0.00607070057038224,-0.422222222222222,8.34444444444444
2021,"NBS81","brittle_stars",0.103787246331568,-0.38,8.432
2021,"NBS81","bryozoan",0.00332098707549971,-1.1,8.1
2021,"NBS81","capelin",0.000988762666376352,0.577777777777778,8.68888888888889
2021,"NBS81","corals",0.0121598732566117,-0.11,8.55
2021,"NBS81","eelpouts",0.010480127886617,0.775,8.975
2021,"NBS81","fh_sole",0.0504166024302652,3.55,9.5
2021,"NBS81","halibut",0.060579113918829,0.229411764705882,8.58235294117647
2021,"NBS81","hermits",0.26356093996726,-0.064,8.54
2021,"NBS81","herring",0.47384179684229,0.25,8.37
2021,"NBS81","hybrid_chion",0.0049144740660824,-0.0333333333333333,8.83333333333333
2021,"NBS81","kamchatka",0.0238833706183465,0.8,8.8
2021,"NBS81","king_crabs",0.00537014538816384,-1.35,7.5
2021,"NBS81","lg_sculpins",0.109389948168718,0.0315789473684211,8.54736842105263
2021,"NBS81","misc_crabs",0.0194104331418875,-0.188888888888889,8.38333333333333
2021,"NBS81","misc_fish_shallow",0.0105404935011139,0.214285714285714,8.56428571428571
2021,"NBS81","misc_flats",0.19694058953331,-0.344444444444444,8.45925925925926
2021,"NBS81","misc_worms",0.000610855559757829,0.966666666666667,8.96666666666667
2021,"NBS81","np_shrimp",0.0120255072660401,-0.75,8.25
2021,"NBS81","nr_sole",0.651186044481382,0.0739130434782609,8.62173913043478
2021,"NBS81","opilio",0.908940322309426,-0.235714285714286,8.47142857142857
2021,"NBS81","oth_sculpins",0.000119735012050132,-0.8,8.2
2021,"NBS81","pandalid",0.000323405302533916,-0.25,7.95
2021,"NBS81","pcod",2.58571947047276,0.154545454545455,8.6
2021,"NBS81","pollock",3.70553415529611,-0.235714285714286,8.47142857142857
2021,"NBS81","polychaetes",0.000876856633748878,0.177777777777778,8.57777777777778
2021,"NBS81","scyphozoid_jellies",0.219135604021135,-0.235714285714286,8.47142857142857
2021,"NBS81","sea_stars",0.318491478096943,-0.235714285714286,8.47142857142857
2021,"NBS81","shells",0.202480465838045,-0.06,8.504
2021,"NBS81","snails",0.673320391715505,-0.235714285714286,8.47142857142857
2021,"NBS81","urochordata",0.07466621631464,1.1625,8.725
2021,"NBS81","yf_sole",0.94996380105874,0.00416666666666668,8.57083333333333
2022,"NBS70","ak_plaice",2.41320087279604,4.73103448275862,7.88448275862069
2022,"NBS70","ak_skate",0.699348778958228,3.3875,7.305
2022,"NBS70","anemones",0.0305725503181894,6.94285714285714,8.29047619047619
2022,"NBS70","arrowtooth",0.29914656165515,4.3,7.4
2022,"NBS70","bairdi",0.00122434013717603,1.65,6.65
2022,"NBS70","bivalves",0.0171707018790068,4.63333333333333,7.83333333333333
2022,"NBS70","brittle_stars",0.0667996318473131,3.93157894736842,7.51052631578947
2022,"NBS70","bryozoan",0.0858209640577109,5.21875,7.6875
2022,"NBS70","capelin",0.000541903968439095,2.48888888888889,7.93333333333333
2022,"NBS70","corals",0.029272176708622,3.9,7.49032258064516
2022,"NBS70","eelpouts",0.00825767937671134,0.05,7.25
2022,"NBS70","fh_sole",0.0548379010663404,4.3,7.4
2022,"NBS70","fish_larvae",0.000434733485225781,6.08,7.68
2022,"NBS70","gelatinous_filter_feeders",0.00775713833361343,7.65,9.05
2022,"NBS70","gen_mollusc",0.00120637084442943,4.7,6.7
2022,"NBS70","greenlings",0.00872676260611553,9.28,9.49333333333333
2022,"NBS70","halibut",0.427781422523892,6.05,8.12333333333333
2022,"NBS70","hermits",0.679066524273074,4.78181818181818,7.9
2022,"NBS70","herring",0.0328451850463361,7.26551724137931,8.62068965517241
2022,"NBS70","hybrid_chion",0.000179176934624877,7.9,8
2022,"NBS70","king_crabs",0.0271565425909224,6.45555555555556,8.15555555555556
2022,"NBS70","lg_sculpins",0.129209731797841,5.37142857142857,8.00816326530612
2022,"NBS70","misc_crabs",0.0464045701483657,4.73958333333333,7.81875
2022,"NBS70","misc_crustaceans",0.0550430898530386,2.46666666666667,6.83333333333333
2022,"NBS70","misc_fish_shallow",0.123663874762407,4.76315789473684,7.89473684210526
2022,"NBS70","misc_flats",0.125993621884613,5.04038461538462,8.00769230769231
2022,"NBS70","misc_worms",0.000784841344791119,2.73333333333333,8.13333333333333
2022,"NBS70","np_shrimp",0.0261528457571379,5.87837837837838,8.16216216216216
2022,"NBS70","nr_sole",0.277269564582005,4.57169811320755,7.79622641509434
2022,"NBS70","opilio",0.472860843793684,2.7425,7.185
2022,"NBS70","oth_managed_forage",0.00175877054996302,9.36363636363636,9.58181818181818
2022,"NBS70","oth_pelagic_smelt",0.0478197774564609,10.1333333333333,10.3666666666667
2022,"NBS70","oth_sculpins",0.011676394198263,8.075,8.96666666666667
2022,"NBS70","pandalid",0.00155590170506913,2.95,7.18333333333333
2022,"NBS70","pcod",1.47117300945976,3.80208333333333,7.54166666666667
2022,"NBS70","pollock",2.13496994499555,4.73103448275862,7.88448275862069
2022,"NBS70","polychaetes",0.00131825975479982,3.36190476190476,7.27142857142857
2022,"NBS70","scyphozoid_jellies",0.230223159375345,3.15853658536585,7.41463414634146
2022,"NBS70","sea_stars",1.95528634604159,4.73103448275862,7.88448275862069
2022,"NBS70","shells",0.494910384262423,4.66607142857143,7.85535714285714
2022,"NBS70","snails",1.20559372749814,4.17450980392157,7.64705882352941
2022,"NBS70","sponges",0.156879143758769,2.55,6.98333333333333
2022,"NBS70","tubes",0.001578944311945,9.11111111111111,9.3
2022,"NBS70","urchins_dollars_cucs",0.0986699205997169,-0.26,6.22
2022,"NBS70","urochordata",0.147560145444873,4.19333333333333,7.62
2022,"NBS70","yf_sole",4.69803864794934,4.73103448275862,7.88448275862069
2022,"NBS70",NA,3.41903560343545,0.75,6.45
2022,"NBS71","ak_plaice",0.609099468587931,5.65357142857143,8.53392857142857
2022,"NBS71","ak_skate",0.162340108124728,3.72857142857143,7.04285714285714
2022,"NBS71","anemones",1.14272102410098,5.86585365853659,8.65365853658537
2022,"NBS71","bairdi",0.0189677976555272,4.8,6.775
2022,"NBS71","bivalves",0.145005245095071,5.43333333333333,8.22592592592593
2022,"NBS71","brittle_stars",0.926576608881592,4.484375,7.58125
2022,"NBS71","bryozoan",3.12190210185919,4.25384615384615,7.37692307692308
2022,"NBS71","capelin",0.00184343505224933,4.27142857142857,7.56428571428571
2022,"NBS71","corals",0.0872563601701687,5.91071428571429,8.92142857142857
2022,"NBS71","eelpouts",0.00841857349995088,7.856,10.64
2022,"NBS71","fh_sole",0.00169183082772844,11.4,12.7
2022,"NBS71","fish_larvae",0.000795579259039725,4.6,6.45
2022,"NBS71","gelatinous_filter_feeders",0.0232758094825478,3.95,7.15
2022,"NBS71","gen_crab",0.00047149188605327,5.7,10.7
2022,"NBS71","gen_invert",6.53249715862237,0.9,1.1
2022,"NBS71","greenlings",0.0122741160607798,10.5125,12.65
2022,"NBS71","halibut",0.184043993984213,5.84210526315789,8.54736842105263
2022,"NBS71","hermits",1.24026935515239,5.39259259259259,8.21481481481482
2022,"NBS71","herring",0.217401789499688,6.9625,9.409375
2022,"NBS71","king_crabs",0.104433405485338,5.37058823529412,8.17941176470588
2022,"NBS71","lg_sculpins",0.137621110715109,5.87115384615385,8.60961538461538
2022,"NBS71","misc_crabs",1.16499780468899,5.162,8.238
2022,"NBS71","misc_crustaceans",1.11242622556155,4.74444444444444,7.03333333333333
2022,"NBS71","misc_fish_shallow",0.245991938412212,5.5,8.36379310344828
2022,"NBS71","misc_flats",0.444386910429287,5.52280701754386,8.40350877192983
2022,"NBS71","misc_worms",0.00168240165508672,0.85,1.5
2022,"NBS71","np_shrimp",0.180007800554332,6.39302325581395,9.17209302325581
2022,"NBS71","nr_sole",0.149748584088176,3.66,7.06
2022,"NBS71","opilio",1.11289706899989,3.635,6.7625
2022,"NBS71","oth_managed_forage",0.0104925202208236,6.43,9.1575
2022,"NBS71","oth_pelagic_smelt",0.0331425446977991,9.65238095238095,11.8857142857143
2022,"NBS71","oth_sculpins",0.0102214897930509,5.56756756756757,8.50810810810811
2022,"NBS71","oth_skate",0.000320870457376772,7.2,7.3
2022,"NBS71","pandalid",0.0088991574189476,5.03913043478261,8.11304347826087
2022,"NBS71","pcod",0.516003124485187,3.77297297297297,7.18378378378378
2022,"NBS71","pollock",1.93708145808864,4.78,7.722
2022,"NBS71","polychaetes",0.00740711511629439,3.74615384615385,6.73076923076923
2022,"NBS71","salmon_returning",0.0144856944090266,6.85,9.15
2022,"NBS71","sandlance",0.00474100318053418,5.15,8.1
2022,"NBS71","scyphozoid_jellies",0.115200752311689,6.57560975609756,9.3390243902439
2022,"NBS71","sea_stars",3.06600528262405,5.5,8.36379310344828
2022,"NBS71","shells",1.86739581785109,5.45090909090909,8.37454545454545
2022,"NBS71","snails",1.68612849573511,5.075,8.02291666666667
2022,"NBS71","sponges",0.848933885097865,7.10833333333333,9.875
2022,"NBS71","tubes",0.0189565352248027,4.475,7.525
2022,"NBS71","urchins_dollars_cucs",2.90884485088084,5.07948717948718,8.07692307692308
2022,"NBS71","urochordata",1.58296289484487,4.68205128205128,7.62051282051282
2022,"NBS71","yf_sole",1.5881854686725,5.80185185185185,8.57777777777778
2022,"NBS71",NA,0.0187611553415223,4.46666666666667,7.85
2022,"NBS81","ak_plaice",1.82436178763764,-0.425,8.025
2022,"NBS81","ak_skate",0.230344944359193,-0.458333333333333,8.10416666666667
2022,"NBS81","anemones",0.0581134049145415,-1.32352941176471,8.02352941176471
2022,"NBS81","bairdi",0.000323230860531055,-1,8
2022,"NBS81","benthic_amphipods",0.000857152702153893,-1.7,7.7
2022,"NBS81","bivalves",0.00537232614607671,0.00833333333333331,8.16666666666667
2022,"NBS81","brittle_stars",0.135925622286007,-0.619230769230769,8.07307692307692
2022,"NBS81","bryozoan",0.00526883230006929,-0.48,7.76
2022,"NBS81","capelin",0.00134280229204618,-1.125,8.06875
2022,"NBS81","corals",0.0192538518323656,-0.542857142857143,7.99285714285714
2022,"NBS81","eelpouts",0.00608554760021497,-0.5,8.24166666666667
2022,"NBS81","fh_sole",0.0187094798546453,0.4,8.4
2022,"NBS81","gelatinous_filter_feeders",0.0016762097286565,-1.7,7.7
2022,"NBS81","halibut",0.0525555696441915,0.728571428571429,8.04285714285714
2022,"NBS81","hermits",0.246496077076803,-0.555555555555556,8.04444444444444
2022,"NBS81","herring",0.0916481732810564,-0.966666666666667,7.98888888888889
2022,"NBS81","king_crabs",0.0208140005941458,-1.13333333333333,7.6
2022,"NBS81","lg_sculpins",0.144016540682606,0.966666666666667,7.8
2022,"NBS81","misc_crabs",0.018479073905457,-0.284615384615385,7.86153846153846
2022,"NBS81","misc_crustaceans",0.00640813087176507,1.9,7.8
2022,"NBS81","misc_fish_shallow",0.00773840093116818,-0.723076923076923,8.05
2022,"NBS81","misc_flats",0.133402725629061,-0.7,8.06296296296296
2022,"NBS81","misc_worms",0.00524702194239253,-1.41428571428571,8.05714285714286
2022,"NBS81","np_shrimp",0.00431991878235374,-1,7.95882352941176
2022,"NBS81","nr_sole",0.674261987001249,-0.416666666666667,8.075
2022,"NBS81","octopus",0.00285717567384631,-1.7,7.7
2022,"NBS81","opilio",2.02292890438478,-0.592857142857143,8.05357142857143
2022,"NBS81","oth_managed_forage",0.000957437509530438,-1.4,8.45
2022,"NBS81","oth_sculpins",0.00142373952158234,-0.6,8.1
2022,"NBS81","oth_skate",0.00111283246863601,-0.3,8.6
2022,"NBS81","pandalid",0.00098987667808761,-1.31666666666667,8.1
2022,"NBS81","pcod",0.967747543336503,-0.369565217391304,8.06521739130435
2022,"NBS81","pollock",2.33834414255167,-0.592857142857143,8.05357142857143
2022,"NBS81","polychaetes",0.00371992616935545,-0.64375,7.91875
2022,"NBS81","sandlance",0.000475916772540121,-0.7,7.1
2022,"NBS81","scyphozoid_jellies",0.2363325719364,-0.581481481481481,8.06296296296296
2022,"NBS81","sea_stars",0.430703040785703,-0.555555555555556,8.04444444444444
2022,"NBS81","shells",0.218327453511513,-0.429166666666667,8.04583333333333
2022,"NBS81","snails",0.566173824292786,-0.592857142857143,8.05357142857143
2022,"NBS81","sponges",0.000302856127980077,-0.7,7.1
2022,"NBS81","tubes",0.00105030148568944,-0.5,8.1
2022,"NBS81","urochordata",0.115226099340878,0.4,7.88
2022,"NBS81","yf_sole",1.68869086857744,-0.416666666666667,8.075
2022,"NBS81",NA,0.000322084152843377,-1.575,7.775
